Workbook

Sheet 任务清单
A1: 模块 | B1: 子模块 | C1: 任务名称 | D1: 优先级 | E1: 负责人 | F1: 计划完成时间 | G1: 状态 | H1: 实际完成时间 | I1: 备注
A2: ESP32设备端 | B2: 音频模块 | C2: 自定义唤醒词 | D2: 高 | E2: 张明旭 | F2: 2026/4/7 | G2: 已完成 | H2: 2026/3/31 | I2: 原表已有
C3: 音频驱动 | D3: 高 | E3: 张明旭 | F3: 2026/4/7 | G3: 已完成 | H3: 2026/4/3 | I3: 原表已有
C4: 咪头AEC、VAD功能 | D4: 高 | E4: 张明旭 | F4: 2026/4/13 | G4: 已完成 | H4: 2026/4/13 | I4: 原表已有
C5: mqtt消费及推送 | D5: 中 | E5: 张明旭 | F5: 2026/4/13 | G5: 已完成 | H5: 2026/4/13 | I5: 原表已有
C6: 调用云端语音对话WebSocket | D6: 高 | E6: 张明旭 | F6: 2026/4/13 | G6: 已完成 | H6: 2026/4/13 | I6: 原表已有
C7: 环形缓冲区播放opus音频流 | D7: 高 | E7: 张明旭 | F7: 2026/4/13 | G7: 已完成 | H7: 2026/4/13 | I7: 原表已有
C8: 防止网络波动断音破片增加一个暂存缓冲 | D8: 高 | E8: 张明旭 | F8: 2026/4/13 | G8: 已完成 | H8: 2026/4/13 | I8: 原表已有
C9: OPUS编码参数定型（24kbps CBR、禁用VBR） | D9: 高 | E9: 张明旭 | G9: 已完成 | H9: 2026/5/20 | I9: 补录·DEC-001
C10: 音频处理器静音接口（防TTS打断重播） | D10: 中 | E10: 张明旭 | G10: 已完成 | H10: 2026/5/25 | I10: 补录
C11: 扬声器音量接口+NVS持久化+MQTT远程调音量 | D11: 中 | E11: 张明旭 | G11: 已完成 | H11: 2026/6/1 | I11: 补录
C12: 长句TTS丢帧/溢出优化（解码输入缓冲扩到32KB+限频告警） | D12: 高 | E12: 张明旭 | G12: 已完成 | H12: 2026/7/2 | I12: 补录
C13: TTS期唤醒打断阈值调优（0.18→0.3 降AEC残留误触） | D13: 中 | E13: 张明旭 | G13: 已完成 | H13: 2026/7/2 | I13: 补录
C14: ES8311上电爆音—软件软启动方案 | D14: 中 | E14: 张明旭 | G14: 已完成 | H14: 2026/6/15 | I14: 补录·实测无效（VMID模拟瞬态）
C15: ES8311上电爆音—NMOS延时开关硬件方案 | D15: 中 | E15: 张明旭 | G15: 未开始 | I15: 需改板：2N7002压CTRL，C_g 10uF+R_g 470k≈3.4s
C16: 离线音频播放（MP3 + P3/OPUS 双格式） | D16: 高 | E16: 张明旭 | G16: 进行中 | I16: 代码已合入2026/7/16，出声/泄漏/仲裁待烧录验证
C17: 多轮对话尾音误触EOS / 超时截断修复 | D17: 高 | E17: 张明旭 | G17: 已完成 | H17: 2026/7/3 | I17: 补录·BUG-007/013/014/021
B18: 初始化 | C18: 蓝牙连接 | D18: 高 | E18: 张明旭 | F18: 2026/3/16 | G18: 已完成 | H18: 2026/3/16 | I18: 原表已有
C19: 接收wifi凭证 | D19: 高 | E19: 张明旭 | F19: 2026/3/17 | G19: 已完成 | H19: 2026/3/17 | I19: 原表已有
C20: 设备联网 | D20: 高 | E20: 张明旭 | F20: 2026/3/17 | G20: 已完成 | H20: 2026/3/17 | I20: 原表已有
C21: 获取token | D21: 高 | E21: 张明旭 | F21: 2026/4/10 | G21: 已完成 | H21: 2026/4/10 | I21: 原表已有
C22: Token双重刷新机制（2h过期，主动+被动） | D22: 高 | E22: 张明旭 | G22: 已完成 | H22: 2026/4/10 | I22: 补录·DEC-003
C23: 配网协议迁移 Unified Provisioning → BluFi（NimBLE） | D23: 高 | E23: 张明旭 | G23: 已完成 | H23: 2026/6/22 | I23: 补录
C24: 动态蓝牙设备名（MAC派生 EchoPals-XXXXXX） | D24: 中 | E24: 张明旭 | G24: 已完成 | H24: 2026/6/23 | I24: 补录
C25: 裸板模式编译裁剪（CONFIG_BSP_HAS_DISPLAY） | D25: 低 | E25: 张明旭 | G25: 已完成 | H25: 2026/6/23 | I25: 补录
C26: BluFi CustomData下发token | D26: 高 | E26: 张明旭 | G26: 进行中 | I26: 配网联网+下发已通，卡在deviceToken缺失待后端
C27: 配网二维码显示 | D27: 中 | E27: 张明旭 | G27: 进行中 | I27: BUG-029双根因已修，待烧录验证
C28: 按键长按重置WiFi | D28: 高 | E28: 张明旭 | G28: 进行中 | I28: BUG-030 LVGL未init断言崩，已定位待改
C29: BluFi分支BLE初始化崩溃排查 | D29: 高 | E29: 张明旭 | G29: 进行中 | I29: BUG-026 已加esp_intr_dump诊断待烧录
C30: 前端配网对接说明文档 | D30: 低 | E30: 张明旭 | G30: 已完成 | H30: 2026/7/2 | I30: 补录
B31: 备份升级 | C31: OTA | D31: 高 | E31: 张明旭 | F31: 2026/6/ | G31: 已完成 | I31: 原表已有
C32: OTA进度回调+SHA256校验+重启后补发 | D32: 高 | E32: 张明旭 | G32: 已完成 | H32: 2026/6/17 | I32: 补录
C33: OTA推送+云端连通性探测工具 | D33: 中 | E33: 张明旭 | G33: 已完成 | H33: 2026/7/7 | I33: 补录
C34: OTA前停唤醒词/触摸扫描（防并发崩） | D34: 高 | E34: 张明旭 | G34: 已完成 | H34: 2026/7/20 | I34: 补录
C35: app分区容量告急（仅剩2%） | D35: 高 | E35: 张明旭 | G35: 未开始 | I35: 需重划分区表或裁剪固件
B36: 屏幕模块 | C36: 屏幕驱动 | D36: 高 | E36: 张明旭 | F36: 2026/4/12 | G36: 已完成 | H36: 2026/4/12 | I36: 原表已有
C37: 显示天气 | D37: 中 | E37: 张明旭 | F37: 2026/5/8 | G37: 已完成 | H37: 2026/5/6 | I37: 原表已有
C38: 显示日历 | D38: 中 | E38: 张明旭 | F38: 2026/5/8 | G38: 已完成 | H38: 2026/5/7 | I38: 原表已有
C39: 显示时间 | D39: 中 | E39: 张明旭 | F39: 2026/4/30 | G39: 已完成 | H39: 2026/5/2 | I39: 原表已有
C40: 闹钟提醒 | D40: 中 | E40: 张明旭 | F40: 2026/4/30 | G40: 已完成 | H40: 2026/5/2 | I40: 原表已有
C41: 倒计时 | D41: 中 | E41: 张明旭 | F41: 2026/5/8 | G41: 已完成 | H41: 2026/5/3 | I41: 原表已有
C42: UI组件 | D42: 低 | E42: 张明旭 | F42: 2026/5/15 | G42: 未开始 | I42: 原表已有
C43: LCD背光GPIO开关升级为LEDC PWM调光 | D43: 中 | E43: 张明旭 | G43: 已完成 | H43: 2026/6/2 | I43: 补录
C44: 状态栏（WiFi信号+电池电量） | D44: 中 | E44: 张明旭 | G44: 已完成 | H44: 2026/6/2 | I44: 补录
C45: 中文字体子集（font_cn_16 / font_cn_32） | D45: 中 | E45: 张明旭 | G45: 已完成 | H45: 2026/6/22 | I45: 补录·含字符提取工具
C46: 功能菜单/主页层级导航 | D46: 中 | E46: 张明旭 | G46: 已完成 | H46: 2026/6/22 | I46: 补录
C47: GIF情绪动画播放+跨线程切图接口 | D47: 高 | E47: 张明旭 | G47: 已完成 | H47: 2026/7/2 | I47: 补录·ui_request_emotion_gif
C48: 二维码控件启用（LV_USE_QRCODE） | D48: 中 | E48: 张明旭 | G48: 已完成 | H48: 2026/6/24 | I48: 补录
C49: 天气页扩展（体感/风/湿度/降水+6-label新版式） | D49: 中 | E49: 张明旭 | G49: 进行中 | I49: 未编译未烧录
C50: 开机logo解码器重入卡死修复 | D50: 高 | E50: 张明旭 | G50: 进行中 | I50: BUG-032 已改pending+timer，未提交未烧录
B51: 游戏模块 | C51: 砸地鼠 | D51: 中 | E51: 张明旭 | F51: 2026/5/22 | G51: 进行中 | I51: 原表已有
C52: 跳一跳 | D52: 中 | E52: 张明旭 | F52: 2026/5/22 | G52: 进行中 | I52: 原表已有
C53: 赛车（跑酷） | D53: 中 | E53: 张明旭 | G53: 进行中 | I53: 2026/6/15随游戏模块重构引入
C54: 游戏图片资源导出（c/jt/ds/p系列） | D54: 中 | E54: 张明旭 | G54: 已完成 | H54: 2026/7/2 | I54: 补录
C55: 跳一跳蓄力/落台坐标统一 | D55: 高 | E55: 张明旭 | G55: 已完成 | H55: 2026/6/17 | I55: 补录·BUG-022
C56: 打地鼠命中判定修复（只允许HOLE_UP命中） | D56: 中 | E56: 张明旭 | G56: 进行中 | I56: game_whack.c:581 已改待烧录
C57: 跳一跳边缘检测（覆盖率<60%倒下） | D57: 中 | E57: 张明旭 | G57: 未开始 | I57: 方案已设计，插入点game_jump.c:1070
C58: 跳一跳入场动画（台子下落+触底弹起） | D58: 低 | E58: 张明旭 | G58: 未开始 | I58: 方案已设计，代码未改
C59: 赛车棋子缩放/车道位置调参 | D59: 低 | E59: 张明旭 | G59: 进行中 | I59: 未编译未烧录
B60: 交互模块 | C60: 触摸驱动（TP223外置+内置电容双方案） | D60: 高 | E60: 张明旭 | G60: 已完成 | H60: 2026/5/25 | I60: 补录
C61: 舵机驱动（LEDC PWM） | D61: 高 | E61: 张明旭 | G61: 已完成 | H61: 2026/4/14 | I61: 补录
C62: 舵机管理器（队列+worker任务） | D62: 高 | E62: 张明旭 | G62: 已完成 | H62: 2026/4/15 | I62: 补录
C63: 舵机独立组件化（components/servo） | D63: 中 | E63: 张明旭 | G63: 已完成 | H63: 2026/7/15 | I63: 补录
C64: PCA9536 IO扩展驱动 | D64: 中 | E64: 张明旭 | G64: 已完成 | H64: 2026/5/14 | I64: 补录
C65: GPIO14复用冲突修复（I2C NACK+舵机误抖） | D65: 高 | E65: 张明旭 | G65: 已完成 | H65: 2026/5/14 | I65: 补录·BUG-015
C66: 震动马达PWM驱动 | D66: 中 | E66: 张明旭 | G66: 已完成 | H66: 2026/7/2 | I66: 补录·BUG-020 低有效需duty=MAX停止
C67: 情绪矩阵（6触摸位置×6情绪→GIF+舵机+震动+音频） | D67: 高 | E67: 张明旭 | G67: 进行中 | I67: 10种震动序列已落地，待烧录验证
C68: 舵机上电归中抖动 | D68: 高 | E68: 张明旭 | G68: 未开始 | I68: 单脉冲实验证明软件无解，需换总线舵机
B69: 电源与低功耗 | C69: 电池电量采集+NVS持久化+防回弹 | D69: 中 | E69: 张明旭 | G69: 已完成 | H69: 2026/6/2 | I69: 补录
C70: 一级待机（息屏降频） | D70: 中 | E70: 张明旭 | G70: 已完成 | H70: 2026/7/9 | I70: 补录
C71: 二级待机（关屏+停舵机） | D71: 中 | E71: 张明旭 | G71: 已完成 | H71: 2026/7/2 | I71: 补录
C72: 三级关机（GPIO18/OPT下降沿断电） | D72: 中 | E72: 张明旭 | G72: 已完成 | H72: 2026/7/2 | I72: 补录
C73: 待机期插拔USB检测唤醒 | D73: 中 | E73: 张明旭 | G73: 已完成 | H73: 2026/7/9 | I73: 补录
C74: 一级低功耗随机情绪头部动作+GIF轮播 | D74: 低 | E74: 张明旭 | G74: 未开始 | I74: 计划2026-07-03已设计未编码
B75: 存储与资源 | C75: 外挂Flash驱动+零延迟启动 | D75: 高 | E75: 张明旭 | G75: 已完成 | H75: 2026/6/2 | I75: 补录
C76: 外部Flash烧录/镜像提取工具 | D76: 高 | E76: 张明旭 | G76: 已完成 | H76: 2026/5/12 | I76: 补录
C77: 图片转换→打包→烧录一键脚本（0~3.py） | D77: 高 | E77: 张明旭 | G77: 已完成 | H77: 2026/6/12 | I77: 补录
C78: 已烧录板重烧强制窗口（BURN_FORCE_WINDOW_MS） | D78: 中 | E78: 张明旭 | G78: 已完成 | H78: 2026/6/25 | I78: 补录·BUG-024
C79: 语音资源目录规划（/S/voice/） | D79: 中 | E79: 张明旭 | G79: 已完成 | H79: 2026/7/16 | I79: 补录
C80: 外挂Flash容量自适应（读JEDEC ID） | D80: 中 | E80: 张明旭 | G80: 未开始 | I80: 现写死32MB，16MB板须手工传参
B81: 稳定性与内存 | C81: 内部SRAM峰值优化（22KB→170KB） | D81: 高 | E81: 张明旭 | G81: 已完成 | H81: 2026/5/12 | I81: 补录·7任务栈+3静态buffer迁SPIRAM
C82: LVGL 64KB静态池移除 | D82: 高 | E82: 张明旭 | G82: 已完成 | H82: 2026/4/26 | I82: 补录·BUG-009
C83: 音频任务SPIRAM栈泄漏防护 | D83: 高 | E83: 张明旭 | G83: 已完成 | H83: 2026/5/6 | I83: 补录·BUG-011
C84: WebSocket重连内存泄漏修复 | D84: 高 | E84: 张明旭 | G84: 已完成 | H84: 2026/5/12 | I84: 补录
C85: MQTT重连任务内存泄漏修复 | D85: 高 | E85: 张明旭 | G85: 已完成 | H85: 2026/6/15 | I85: 补录·BUG-023
C86: 云端解绑崩溃修复（栈3072→8192） | D86: 高 | E86: 张明旭 | G86: 已完成 | H86: 2026/7/21 | I86: 补录·BUG-028
C87: 任务栈监控+内存跟踪宏 | D87: 中 | E87: 张明旭 | G87: 已完成 | H87: 2026/7/10 | I87: 补录
C88: UDP日志通道（udp_logger） | D88: 低 | E88: 张明旭 | G88: 已完成 | H88: 2026/7/10 | I88: 补录
C89: CPU0优先级倒挂致WDT报警 | D89: 高 | E89: 张明旭 | G89: 进行中 | I89: BUG-027 修改已写未提交未烧录
C90: 随机堆损坏排查（堆毒化检测） | D90: 中 | E90: 张明旭 | G90: 进行中 | I90: 已排除与WDT关联，仍在观察
B91: 离线能力 | C91: 断网离线模式（不重启+停重连+时间NVS兜底） | D91: 中 | E91: 张明旭 | G91: 未开始 | I91: 计划2026-07-21已设计未编码
A92: 云端对接 | B92: 协议 | C92: MQTT命令主题订阅（音量/解绑/OTA推送） | D92: 高 | E92: 张明旭 | G92: 已完成 | H92: 2026/5/18 | I92: 补录
C93: 握手协议 Hello → start | D93: 高 | E93: 张明旭 | G93: 已完成 | H93: 2026/5/12 | I93: 补录
C94: 和风天气now接口对接 | D94: 中 | E94: 张明旭 | G94: 已完成 | H94: 2026/5/6 | I94: 补录·12字段现用7个
C95: 云端过度切句致多轮LLM+RATE_LIMITED | D95: 高 | G95: 未开始 | I95: 纯排查未改码，需后端配合

Sheet 总览
A1: Echo2 项目任务总览
A2: 生成日期 2026-07-23 数据来源：git 提交记录 + memory 日志 + 现有代码
A4: 状态 | B4: 条数 | C4: 占比
A5: 已完成 | B5: =COUNTIF(任务清单!$G$2:$G$95,A5) | C5: =IF($B$8=0,0,B5/$B$8)
A6: 进行中 | B6: =COUNTIF(任务清单!$G$2:$G$95,A6) | C6: =IF($B$8=0,0,B6/$B$8)
A7: 未开始 | B7: =COUNTIF(任务清单!$G$2:$G$95,A7) | C7: =IF($B$8=0,0,B7/$B$8)
A8: 合计 | B8: =COUNTA(任务清单!$G$2:$G$95) | C8: 1
A10: 子模块 | B10: 已完成 | C10: 进行中 | D10: 未开始 | E10: 小计
A11: 音频模块 | B11: =COUNTIFS(任务清单!$B$2:$B$95,$A11,任务清单!$G$2:$G$95,"已完成") | C11: =COUNTIFS(任务清单!$B$2:$B$95,$A11,任务清单!$G$2:$G$95,"进行中") | D11: =COUNTIFS(任务清单!$B$2:$B$95,$A11,任务清单!$G$2:$G$95,"未开始") | E11: =COUNTIF(任务清单!$B$2:$B$95,$A11)
A12: 初始化 | B12: =COUNTIFS(任务清单!$B$2:$B$95,$A12,任务清单!$G$2:$G$95,"已完成") | C12: =COUNTIFS(任务清单!$B$2:$B$95,$A12,任务清单!$G$2:$G$95,"进行中") | D12: =COUNTIFS(任务清单!$B$2:$B$95,$A12,任务清单!$G$2:$G$95,"未开始") | E12: =COUNTIF(任务清单!$B$2:$B$95,$A12)
A13: 备份升级 | B13: =COUNTIFS(任务清单!$B$2:$B$95,$A13,任务清单!$G$2:$G$95,"已完成") | C13: =COUNTIFS(任务清单!$B$2:$B$95,$A13,任务清单!$G$2:$G$95,"进行中") | D13: =COUNTIFS(任务清单!$B$2:$B$95,$A13,任务清单!$G$2:$G$95,"未开始") | E13: =COUNTIF(任务清单!$B$2:$B$95,$A13)
A14: 屏幕模块 | B14: =COUNTIFS(任务清单!$B$2:$B$95,$A14,任务清单!$G$2:$G$95,"已完成") | C14: =COUNTIFS(任务清单!$B$2:$B$95,$A14,任务清单!$G$2:$G$95,"进行中") | D14: =COUNTIFS(任务清单!$B$2:$B$95,$A14,任务清单!$G$2:$G$95,"未开始") | E14: =COUNTIF(任务清单!$B$2:$B$95,$A14)
A15: 游戏模块 | B15: =COUNTIFS(任务清单!$B$2:$B$95,$A15,任务清单!$G$2:$G$95,"已完成") | C15: =COUNTIFS(任务清单!$B$2:$B$95,$A15,任务清单!$G$2:$G$95,"进行中") | D15: =COUNTIFS(任务清单!$B$2:$B$95,$A15,任务清单!$G$2:$G$95,"未开始") | E15: =COUNTIF(任务清单!$B$2:$B$95,$A15)
A16: 交互模块 | B16: =COUNTIFS(任务清单!$B$2:$B$95,$A16,任务清单!$G$2:$G$95,"已完成") | C16: =COUNTIFS(任务清单!$B$2:$B$95,$A16,任务清单!$G$2:$G$95,"进行中") | D16: =COUNTIFS(任务清单!$B$2:$B$95,$A16,任务清单!$G$2:$G$95,"未开始") | E16: =COUNTIF(任务清单!$B$2:$B$95,$A16)
A17: 电源与低功耗 | B17: =COUNTIFS(任务清单!$B$2:$B$95,$A17,任务清单!$G$2:$G$95,"已完成") | C17: =COUNTIFS(任务清单!$B$2:$B$95,$A17,任务清单!$G$2:$G$95,"进行中") | D17: =COUNTIFS(任务清单!$B$2:$B$95,$A17,任务清单!$G$2:$G$95,"未开始") | E17: =COUNTIF(任务清单!$B$2:$B$95,$A17)
A18: 存储与资源 | B18: =COUNTIFS(任务清单!$B$2:$B$95,$A18,任务清单!$G$2:$G$95,"已完成") | C18: =COUNTIFS(任务清单!$B$2:$B$95,$A18,任务清单!$G$2:$G$95,"进行中") | D18: =COUNTIFS(任务清单!$B$2:$B$95,$A18,任务清单!$G$2:$G$95,"未开始") | E18: =COUNTIF(任务清单!$B$2:$B$95,$A18)
A19: 稳定性与内存 | B19: =COUNTIFS(任务清单!$B$2:$B$95,$A19,任务清单!$G$2:$G$95,"已完成") | C19: =COUNTIFS(任务清单!$B$2:$B$95,$A19,任务清单!$G$2:$G$95,"进行中") | D19: =COUNTIFS(任务清单!$B$2:$B$95,$A19,任务清单!$G$2:$G$95,"未开始") | E19: =COUNTIF(任务清单!$B$2:$B$95,$A19)
A20: 离线能力 | B20: =COUNTIFS(任务清单!$B$2:$B$95,$A20,任务清单!$G$2:$G$95,"已完成") | C20: =COUNTIFS(任务清单!$B$2:$B$95,$A20,任务清单!$G$2:$G$95,"进行中") | D20: =COUNTIFS(任务清单!$B$2:$B$95,$A20,任务清单!$G$2:$G$95,"未开始") | E20: =COUNTIF(任务清单!$B$2:$B$95,$A20)
A21: 协议 | B21: =COUNTIFS(任务清单!$B$2:$B$95,$A21,任务清单!$G$2:$G$95,"已完成") | C21: =COUNTIFS(任务清单!$B$2:$B$95,$A21,任务清单!$G$2:$G$95,"进行中") | D21: =COUNTIFS(任务清单!$B$2:$B$95,$A21,任务清单!$G$2:$G$95,"未开始") | E21: =COUNTIF(任务清单!$B$2:$B$95,$A21)
